session_id,start_frame,end_frame,label
re_total_experiment_v1,151,350,M0
re_total_experiment_v1,351,551,M1
re_total_experiment_v1,552,660,M2
re_total_experiment_v1,661,742,M3
re_total_experiment_v1,743,858,M4
re_total_experiment_v1,859,1039,M5
re_total_experiment_v1,1040,1365,M6
re_total_experiment_v2,137,277,M0
re_total_experiment_v2,278,497,M1
re_total_experiment_v2,498,662,M2
re_total_experiment_v2,663,870,M3
re_total_experiment_v2,871,1022,M4
re_total_experiment_v2,1023,1399,M5
re_total_experiment_v2,1400,1732,M6
re_total_experiment_v3,124,291,M0
re_total_experiment_v3,292,546,M1
re_total_experiment_v3,547,665,M2
re_total_experiment_v3,666,764,M3
re_total_experiment_v3,765,872,M4
re_total_experiment_v3,873,1234,M5
re_total_experiment_v3,1235,1599,M6
re_total_experiment_v4,112,272,M0
re_total_experiment_v4,273,444,M1
re_total_experiment_v4,445,577,M2
re_total_experiment_v4,578,618,M3
re_total_experiment_v4,619,697,M4
re_total_experiment_v4,698,889,M5
re_total_experiment_v4,890,1169,M6
re_total_experiment_v5,95,247,M0
re_total_experiment_v5,248,397,M1
re_total_experiment_v5,398,491,M2
re_total_experiment_v5,492,540,M3
re_total_experiment_v5,541,634,M4
re_total_experiment_v5,635,809,M5
re_total_experiment_v5,810,1014,M6
